Hello,Hello World!
hello,Hello World!
you are nice,I'll need to take some time to think on that.<br><br>You can try this from my friend Google: <a target='_blank' href='https://www.google.com/search?q=you are nice'>you are nice</a>
Hello,Hello World!
what time is it?,The time is now 5:26 AM EST
Hello,Hello World!
Hello, Hello to you.
you are nice,Thanks
you are nice,Thanks
you are smar,I've worked hard to become so.
Hello,Hey!
Hello,Hi there!
Hello, Hello to you.
Hello,Hi there!
Hello, Hello to you.
Hello,It's nice to see you!
Hello,Hello World!
Hello,Hello World!
Hello,Hey!
Hello, Hello to you.
Hello,It's nice to see you!
Hello,Hello World!
Hello,Hi there!
Hello,Hi there!
Hello,Hello World!
Hello,Hey!
Hello,It's nice to see you!
Hello,Hello World!
Hello,Hey!
Hello,Hello World!
Hello,Hello World!
Hello,Hi there!
Hello,Hello World!
Hello,It's nice to see you!
Hello,Hi there!
Hello,It's nice to see you!
Hello,Hi there!
Hello, Hello to you.
Hello,Hello World!
Hello,Hi there!
Hello,It's nice to see you!
Hello,It's nice to see you!
Hello,Hello World!
Hello,Hello World!
How are you,I am well. How are you?
Hello, Hello to you.
Hello, Hello to you.
Hello,Hi there!
Hello,Hi there!
Hello,Hello World!
Hello,Hi there!
